task,metric,n_paired,delta,delta_lo,delta_hi,delta_se,p_boot,family,model_s,k_hi,k_lo,model_hi,model_lo,sig,q_cot,gain,gain_lo,gain_hi,ceiling_bm25,ceiling_recency,resolved,n_boot,seed
LaMP-1,accuracy,99,0.04040404040404044,-0.0505050505050505,0.13131313131313133,0.045661848899068394,0.432,signal_vs_k0,haiku,1.0,0.0,haiku,haiku,,,,,,,,0,2000,12345
LaMP-1,accuracy,99,0.07070707070707072,-0.02020202020202022,0.16161616161616166,0.04802159866036767,0.177,signal_vs_k0,haiku,2.0,0.0,haiku,haiku,,,,,,,,0,2000,12345
LaMP-1,accuracy,99,0.06060606060606066,-0.04040404040404044,0.16161616161616166,0.05317783617908474,0.27,signal_vs_k0,haiku,4.0,0.0,haiku,haiku,,,,,,,,0,2000,12345
LaMP-1,accuracy,99,0.12121212121212122,0.02020202020202022,0.22222222222222227,0.052609690777390736,0.024,signal_vs_k0,haiku,8.0,0.0,haiku,haiku,,,,,,,,1,2000,12345
LaMP-1,accuracy,99,0.17800453514739234,0.08072916666666664,0.2828282828282828,0.053077193958111696,0.0005,signal_vs_k0,haiku,16.0,0.0,haiku,haiku,,,,,,,,1,2000,12345
LaMP-1,accuracy,99,0.1515151515151515,0.0505050505050505,0.2626262626262626,0.054438937205233684,0.007,signal_vs_k0,haiku,32.0,0.0,haiku,haiku,,,,,,,,1,2000,12345
LaMP-1,accuracy,97,0.041237113402061876,-0.04123711340206182,0.12371134020618557,0.041528119218139106,0.365,signal_vs_k0,sonnet,1.0,0.0,sonnet,sonnet,,,,,,,,0,2000,12345
LaMP-1,accuracy,97,0.1030927835051546,0.010051546391752555,0.19587628865979384,0.04929296032294096,0.05,signal_vs_k0,sonnet,2.0,0.0,sonnet,sonnet,,,,,,,,1,2000,12345
LaMP-1,accuracy,97,0.17525773195876293,0.07216494845360821,0.27835051546391754,0.05295022185173637,0.003,signal_vs_k0,sonnet,4.0,0.0,sonnet,sonnet,,,,,,,,1,2000,12345
LaMP-1,accuracy,97,0.22680412371134018,0.12371134020618557,0.32989690721649484,0.05236319373977659,0.0005,signal_vs_k0,sonnet,8.0,0.0,sonnet,sonnet,,,,,,,,1,2000,12345
LaMP-1,accuracy,97,0.19587628865979378,0.09278350515463918,0.2989690721649484,0.05053887515568916,0.0005,signal_vs_k0,sonnet,16.0,0.0,sonnet,sonnet,,,,,,,,1,2000,12345
LaMP-1,accuracy,97,0.23711340206185572,0.12371134020618557,0.35051546391752575,0.05531367729917537,0.0005,signal_vs_k0,sonnet,32.0,0.0,sonnet,sonnet,,,,,,,,1,2000,12345
LaMP-1,accuracy,99,0.04040404040404039,-0.04040404040404044,0.12121212121212122,0.039962631645874096,0.351,signal_vs_k0,opus,1.0,0.0,opus,opus,,,,,,,,0,2000,12345
LaMP-1,accuracy,99,0.1111111111111111,0.030303030303030276,0.19217171717171586,0.04263555817300983,0.017,signal_vs_k0,opus,2.0,0.0,opus,opus,,,,,,,,1,2000,12345
LaMP-1,accuracy,99,0.17171717171717166,0.08080808080808083,0.2626262626262626,0.044179702810170196,0.0005,signal_vs_k0,opus,4.0,0.0,opus,opus,,,,,,,,1,2000,12345
LaMP-1,accuracy,99,0.1616161616161616,0.07070707070707077,0.2525252525252525,0.04441057507927771,0.0005,signal_vs_k0,opus,8.0,0.0,opus,opus,,,,,,,,1,2000,12345
LaMP-1,accuracy,99,0.19191919191919188,0.11111111111111105,0.27272727272727276,0.043871315779387285,0.0005,signal_vs_k0,opus,16.0,0.0,opus,opus,,,,,,,,1,2000,12345
LaMP-1,accuracy,99,0.14141414141414138,0.06060606060606061,0.2222222222222222,0.04131082717767482,0.001,signal_vs_k0,opus,32.0,0.0,opus,opus,,,,,,,,1,2000,12345
LaMP-2,macro_f1,99,-0.06278091275769293,-0.14813062732287427,0.03420328627853856,0.04553959034335318,0.253,signal_vs_k0,haiku,1.0,0.0,haiku,haiku,,,,,,,,0,2000,12345
LaMP-2,macro_f1,90,-0.023063353822367183,-0.10805068697421304,0.09523993267216763,0.05163562682544509,0.859,signal_vs_k0,haiku,2.0,0.0,haiku,haiku,,,,,,,,0,2000,12345
LaMP-2,macro_f1,99,-0.04077360633862187,-0.13010434957995934,0.07984770926664504,0.053315786943455235,0.668,signal_vs_k0,haiku,4.0,0.0,haiku,haiku,,,,,,,,0,2000,12345
LaMP-2,macro_f1,99,-0.026177055101203772,-0.10596815576574709,0.07844164571792561,0.04751998813218152,0.809,signal_vs_k0,haiku,8.0,0.0,haiku,haiku,,,,,,,,0,2000,12345
LaMP-2,macro_f1,99,0.0022804232014757564,-0.08493525130601386,0.10762512242633657,0.04797305264898118,0.745,signal_vs_k0,haiku,16.0,0.0,haiku,haiku,,,,,,,,0,2000,12345
LaMP-2,macro_f1,99,-0.01629356510935459,-0.09244648926433532,0.0850546655553569,0.04601260187005829,0.922,signal_vs_k0,haiku,32.0,0.0,haiku,haiku,,,,,,,,0,2000,12345
LaMP-2,macro_f1,91,0.03386187886187886,-0.04121431030911335,0.1033480602408289,0.03633334994528131,0.388,signal_vs_k0,sonnet,1.0,0.0,sonnet,sonnet,,,,,,,,0,2000,12345
LaMP-2,macro_f1,94,0.08707091289633989,-0.007400320474356987,0.1666596622665406,0.04494478161104882,0.075,signal_vs_k0,sonnet,2.0,0.0,sonnet,sonnet,,,,,,,,0,2000,12345
LaMP-2,macro_f1,88,0.08896842211832728,-0.006624903580380212,0.1678881466403306,0.044325582377240644,0.069,signal_vs_k0,sonnet,4.0,0.0,sonnet,sonnet,,,,,,,,0,2000,12345
LaMP-2,macro_f1,94,0.14244065153233232,0.051327495381040394,0.21353856067675075,0.04168427769758481,0.002,signal_vs_k0,sonnet,8.0,0.0,sonnet,sonnet,,,,,,,,1,2000,12345
LaMP-2,macro_f1,94,0.15167029778984237,0.0597284552042905,0.22687617377004304,0.042695905111177254,0.002,signal_vs_k0,sonnet,16.0,0.0,sonnet,sonnet,,,,,,,,1,2000,12345
LaMP-2,macro_f1,93,0.16328383263867136,0.07173107597485012,0.23672398778518722,0.0422660733720265,0.0005,signal_vs_k0,sonnet,32.0,0.0,sonnet,sonnet,,,,,,,,1,2000,12345
LaMP-2,macro_f1,99,0.024792395055552974,-0.03895548904494714,0.0862736224559754,0.032605375489671254,0.506,signal_vs_k0,opus,1.0,0.0,opus,opus,,,,,,,,0,2000,12345
LaMP-2,macro_f1,99,0.07572774834384743,0.01547916532493638,0.13352581552192977,0.03110743453977992,0.013,signal_vs_k0,opus,2.0,0.0,opus,opus,,,,,,,,1,2000,12345
LaMP-2,macro_f1,99,0.11800115744652484,0.04430010907525557,0.17754475908255082,0.034414423835795654,0.0005,signal_vs_k0,opus,4.0,0.0,opus,opus,,,,,,,,1,2000,12345
LaMP-2,macro_f1,99,0.15157233719153224,0.06982843696698186,0.21499632796888818,0.03711630434585298,0.0005,signal_vs_k0,opus,8.0,0.0,opus,opus,,,,,,,,1,2000,12345
LaMP-2,macro_f1,99,0.11806917368836872,0.046122401105373266,0.18353342383793142,0.034434599978828716,0.0005,signal_vs_k0,opus,16.0,0.0,opus,opus,,,,,,,,1,2000,12345
LaMP-2,macro_f1,99,0.14052388770919316,0.05495218342909582,0.20923792726581458,0.04022220391025942,0.0005,signal_vs_k0,opus,32.0,0.0,opus,opus,,,,,,,,1,2000,12345
LaMP-3,mae,99,-0.18181818181818182,-0.30303030303030304,-0.06060606060606061,0.06262751038662734,0.003,signal_vs_k0,haiku,1.0,0.0,haiku,haiku,,,,,,,,1,2000,12345
LaMP-3,mae,99,-0.19191919191919188,-0.3030303030303031,-0.08080808080808083,0.05700361793323834,0.001,signal_vs_k0,haiku,2.0,0.0,haiku,haiku,,,,,,,,1,2000,12345
LaMP-3,mae,99,-0.2525252525252525,-0.36363636363636365,-0.14141414141414144,0.05615647796590382,0.0005,signal_vs_k0,haiku,4.0,0.0,haiku,haiku,,,,,,,,1,2000,12345
LaMP-3,mae,99,-0.31313131313131315,-0.4343434343434343,-0.20202020202020204,0.05733029772883073,0.0005,signal_vs_k0,haiku,8.0,0.0,haiku,haiku,,,,,,,,1,2000,12345
LaMP-3,mae,99,-0.26262626262626265,-0.38383838383838376,-0.1515151515151515,0.05871606446825264,0.0005,signal_vs_k0,haiku,16.0,0.0,haiku,haiku,,,,,,,,1,2000,12345
LaMP-3,mae,99,-0.31313131313131315,-0.4444444444444445,-0.1919191919191919,0.06426476556239813,0.0005,signal_vs_k0,haiku,32.0,0.0,haiku,haiku,,,,,,,,1,2000,12345
LaMP-3,mae,98,-0.051020408163265335,-0.1326530612244898,0.040816326530612235,0.044308348430642845,0.311,signal_vs_k0,sonnet,1.0,0.0,sonnet,sonnet,,,,,,,,0,2000,12345
LaMP-3,mae,96,-0.08333333333333331,-0.16666666666666666,0.0,0.040835695402184305,0.056,signal_vs_k0,sonnet,2.0,0.0,sonnet,sonnet,,,,,,,,0,2000,12345
LaMP-3,mae,98,-0.12244897959183676,-0.20408163265306123,-0.04081632653061226,0.04114599613518555,0.002,signal_vs_k0,sonnet,4.0,0.0,sonnet,sonnet,,,,,,,,1,2000,12345
LaMP-3,mae,98,-0.15306122448979592,-0.24489795918367346,-0.08163265306122447,0.04160245770123643,0.0005,signal_vs_k0,sonnet,8.0,0.0,sonnet,sonnet,,,,,,,,1,2000,12345
LaMP-3,mae,98,-0.14285714285714288,-0.22448979591836737,-0.06122448979591838,0.04089077261734756,0.001,signal_vs_k0,sonnet,16.0,0.0,sonnet,sonnet,,,,,,,,1,2000,12345
LaMP-3,mae,97,-0.14432989690721648,-0.22680412371134023,-0.061855670103092786,0.04151797280127483,0.0005,signal_vs_k0,sonnet,32.0,0.0,sonnet,sonnet,,,,,,,,1,2000,12345
LaMP-3,mae,99,-0.0505050505050505,-0.12121212121212122,0.02020202020202022,0.03675748954142534,0.213,signal_vs_k0,opus,1.0,0.0,opus,opus,,,,,,,,0,2000,12345
LaMP-3,mae,99,-0.09090909090909091,-0.1717171717171717,-0.01010101010101011,0.04141868149901406,0.032,signal_vs_k0,opus,2.0,0.0,opus,opus,,,,,,,,1,2000,12345
LaMP-3,mae,99,-0.1414141414141414,-0.2222222222222222,-0.07070707070707072,0.038128561053963374,0.0005,signal_vs_k0,opus,4.0,0.0,opus,opus,,,,,,,,1,2000,12345
LaMP-3,mae,99,-0.1515151515151515,-0.23232323232323232,-0.0808080808080808,0.039353887038291825,0.0005,signal_vs_k0,opus,8.0,0.0,opus,opus,,,,,,,,1,2000,12345
LaMP-3,mae,99,-0.1313131313131313,-0.2121212121212121,-0.06060606060606058,0.04002899918475654,0.0005,signal_vs_k0,opus,16.0,0.0,opus,opus,,,,,,,,1,2000,12345
LaMP-3,mae,99,-0.1313131313131313,-0.21212121212121215,-0.0505050505050505,0.04254878497953749,0.0005,signal_vs_k0,opus,32.0,0.0,opus,opus,,,,,,,,1,2000,12345
LaMP-5,rouge_1,99,0.024553425366203918,-0.01183484714262861,0.06279894915505788,0.019962119764803506,0.225,signal_vs_k0,haiku,1.0,0.0,haiku,haiku,,,,,,,,0,2000,12345
LaMP-5,rouge_1,99,0.03366855130860791,-0.004288511072019636,0.06949528572727262,0.01880630152840708,0.068,signal_vs_k0,haiku,2.0,0.0,haiku,haiku,,,,,,,,0,2000,12345
LaMP-5,rouge_1,99,0.0356224375486523,0.0020542505640830295,0.07015928443918978,0.017184789370060603,0.038,signal_vs_k0,haiku,8.0,0.0,haiku,haiku,,,,,,,,1,2000,12345
LaMP-5,rouge_1,99,0.030657708869222366,-0.004305020761628142,0.06733583874946598,0.018321932902024714,0.086,signal_vs_k0,haiku,16.0,0.0,haiku,haiku,,,,,,,,0,2000,12345
LaMP-5,rouge_1,99,0.025575103706225344,-0.013252898143380234,0.0633901345967772,0.01964186732242796,0.205,signal_vs_k0,haiku,32.0,0.0,haiku,haiku,,,,,,,,0,2000,12345
LaMP-5,rouge_1,99,0.006030259394396165,-0.034589783633543564,0.04601371085384554,0.020306745382333097,0.791,signal_vs_k0,sonnet,1.0,0.0,sonnet,sonnet,,,,,,,,0,2000,12345
LaMP-5,rouge_1,99,0.022773648766257648,-0.0256527263452897,0.06884162151988125,0.023605709931164152,0.343,signal_vs_k0,sonnet,2.0,0.0,sonnet,sonnet,,,,,,,,0,2000,12345
LaMP-5,rouge_1,99,0.05055390112836977,0.0050636578163970655,0.09525650711657947,0.022447299153628645,0.024,signal_vs_k0,sonnet,4.0,0.0,sonnet,sonnet,,,,,,,,1,2000,12345
LaMP-5,rouge_1,99,0.018092419360015266,-0.029482080923826405,0.06591860761398036,0.023893418352649406,0.447,signal_vs_k0,sonnet,8.0,0.0,sonnet,sonnet,,,,,,,,0,2000,12345
LaMP-5,rouge_1,99,0.027809174010159476,-0.013942738119227003,0.06905710962777963,0.021191081159564445,0.2,signal_vs_k0,sonnet,16.0,0.0,sonnet,sonnet,,,,,,,,0,2000,12345
LaMP-5,rouge_1,98,0.04430556578855033,0.0012643671677879014,0.09072361727962448,0.023068147723537064,0.044,signal_vs_k0,sonnet,32.0,0.0,sonnet,sonnet,,,,,,,,1,2000,12345
LaMP-5,rouge_1,99,-0.0008149306168194204,-0.04279671196050552,0.03991646252630712,0.020742058269450653,0.946,signal_vs_k0,opus,1.0,0.0,opus,opus,,,,,,,,0,2000,12345
LaMP-5,rouge_1,99,0.014281422526723875,-0.015960286045374448,0.044197566687625894,0.01546404702905769,0.358,signal_vs_k0,opus,2.0,0.0,opus,opus,,,,,,,,0,2000,12345
LaMP-5,rouge_1,99,0.013191183300433063,-0.0225647548690333,0.048727920377221685,0.01848471757180014,0.481,signal_vs_k0,opus,4.0,0.0,opus,opus,,,,,,,,0,2000,12345
LaMP-5,rouge_1,99,0.003544385781618864,-0.036286394308488165,0.04361656119822143,0.020205316017705883,0.867,signal_vs_k0,opus,8.0,0.0,opus,opus,,,,,,,,0,2000,12345
LaMP-5,rouge_1,99,-0.012858509814650865,-0.051246160658300254,0.023538334758149572,0.019519296238150304,0.524,signal_vs_k0,opus,16.0,0.0,opus,opus,,,,,,,,0,2000,12345
LaMP-5,rouge_1,99,-0.005367739383907166,-0.04409712371629146,0.031619310868548606,0.019158399762994147,0.775,signal_vs_k0,opus,32.0,0.0,opus,opus,,,,,,,,0,2000,12345
LaMP-1,accuracy,99,0.04040404040404044,-0.0505050505050505,0.13131313131313133,0.045661848899068394,0.432,signal_step,haiku,1.0,0.0,haiku,haiku,,,,,,,,0,2000,12345
LaMP-1,accuracy,99,0.030303030303030276,-0.04040404040404044,0.10101010101010105,0.03682852454145819,0.488,signal_step,haiku,2.0,1.0,haiku,haiku,,,,,,,,0,2000,12345
LaMP-1,accuracy,99,-0.010101010101010055,-0.09090909090909094,0.07070707070707072,0.04154113858573626,0.901,signal_step,haiku,4.0,2.0,haiku,haiku,,,,,,,,0,2000,12345
LaMP-1,accuracy,99,0.06060606060606055,0.0,0.13131313131313133,0.03463606010020844,0.084,signal_step,haiku,8.0,4.0,haiku,haiku,,,,,,,,0,2000,12345
LaMP-1,accuracy,99,0.056792413935271124,-0.014226448155019607,0.12865958185507054,0.03717845510592222,0.145,signal_step,haiku,16.0,8.0,haiku,haiku,,,,,,,,0,2000,12345
LaMP-1,accuracy,99,-0.026489383632240848,-0.09791795506081225,0.0505050505050505,0.037427825282682514,0.517,signal_step,haiku,32.0,16.0,haiku,haiku,,,,,,,,0,2000,12345
LaMP-1,accuracy,97,0.041237113402061876,-0.04123711340206182,0.12371134020618557,0.041528119218139106,0.365,signal_step,sonnet,1.0,0.0,sonnet,sonnet,,,,,,,,0,2000,12345
LaMP-1,accuracy,98,0.07142857142857145,0.0,0.15306122448979587,0.03932660267515295,0.102,signal_step,sonnet,2.0,1.0,sonnet,sonnet,,,,,,,,0,2000,12345
LaMP-1,accuracy,98,0.0714285714285714,0.0,0.14311224489795785,0.0370794479352251,0.071,signal_step,sonnet,4.0,2.0,sonnet,sonnet,,,,,,,,0,2000,12345
LaMP-1,accuracy,98,0.05102040816326536,-0.020408163265306145,0.12244897959183676,0.03776037182052792,0.21,signal_step,sonnet,8.0,4.0,sonnet,sonnet,,,,,,,,0,2000,12345
LaMP-1,accuracy,98,-0.030612244897959218,-0.10204081632653061,0.030612244897959218,0.03446515246877578,0.438,signal_step,sonnet,16.0,8.0,sonnet,sonnet,,,,,,,,0,2000,12345
LaMP-1,accuracy,98,0.04081632653061218,-0.010204081632653073,0.09183673469387754,0.02488349433905477,0.141,signal_step,sonnet,32.0,16.0,sonnet,sonnet,,,,,,,,0,2000,12345
LaMP-1,accuracy,99,0.04040404040404039,-0.04040404040404044,0.12121212121212122,0.039962631645874096,0.351,signal_step,opus,1.0,0.0,opus,opus,,,,,,,,0,2000,12345
LaMP-1,accuracy,99,0.07070707070707072,0.0,0.14141414141414144,0.0359658063939605,0.062,signal_step,opus,2.0,1.0,opus,opus,,,,,,,,0,2000,12345
LaMP-1,accuracy,99,0.06060606060606055,-0.010101010101010055,0.13131313131313133,0.03651911944944528,0.134,signal_step,opus,4.0,2.0,opus,opus,,,,,,,,0,2000,12345
LaMP-1,accuracy,99,-0.010101010101010055,-0.08080808080808077,0.0505050505050505,0.03339153784592659,0.84,signal_step,opus,8.0,4.0,opus,opus,,,,,,,,0,2000,12345
LaMP-1,accuracy,99,0.030303030303030276,-0.030303030303030276,0.09090909090909094,0.030423212041315824,0.408,signal_step,opus,16.0,8.0,opus,opus,,,,,,,,0,2000,12345
LaMP-1,accuracy,99,-0.0505050505050505,-0.10101010101010094,-0.010101010101010055,0.021724148480565465,0.013,signal_step,opus,32.0,16.0,opus,opus,,,,,,,,1,2000,12345
LaMP-2,macro_f1,99,-0.06278091275769293,-0.14813062732287427,0.03420328627853856,0.04553959034335318,0.253,signal_step,haiku,1.0,0.0,haiku,haiku,,,,,,,,0,2000,12345
LaMP-2,macro_f1,90,0.022707052593200605,-0.05701840797799795,0.10923617155711209,0.04288231940602314,0.536,signal_step,haiku,2.0,1.0,haiku,haiku,,,,,,,,0,2000,12345
LaMP-2,macro_f1,90,-0.00983931101578156,-0.0793538280347104,0.05984592506790772,0.03569547709768202,0.846,signal_step,haiku,4.0,2.0,haiku,haiku,,,,,,,,0,2000,12345
LaMP-2,macro_f1,99,0.014596551237418098,-0.047352788961762246,0.07532749172052572,0.032060262522977924,0.767,signal_step,haiku,8.0,4.0,haiku,haiku,,,,,,,,0,2000,12345
LaMP-2,macro_f1,99,0.02845747830267953,-0.0014828874828874737,0.061796918463133614,0.01624210329099826,0.068,signal_step,haiku,16.0,8.0,haiku,haiku,,,,,,,,0,2000,12345
LaMP-2,macro_f1,99,-0.018573988310830347,-0.06680770699888354,0.029622646940047948,0.02454884374001321,0.429,signal_step,haiku,32.0,16.0,haiku,haiku,,,,,,,,0,2000,12345
LaMP-2,macro_f1,91,0.03386187886187886,-0.04121431030911335,0.1033480602408289,0.03633334994528131,0.388,signal_step,sonnet,1.0,0.0,sonnet,sonnet,,,,,,,,0,2000,12345
LaMP-2,macro_f1,95,0.040806882029792324,-0.026801832469459212,0.10808240923282503,0.0352124647597507,0.289,signal_step,sonnet,2.0,1.0,sonnet,sonnet,,,,,,,,0,2000,12345
LaMP-2,macro_f1,93,0.037975227975227954,-0.046169584255656045,0.1158303801816176,0.04111877862029358,0.394,signal_step,sonnet,4.0,2.0,sonnet,sonnet,,,,,,,,0,2000,12345
LaMP-2,macro_f1,93,0.046027348411249336,-0.03333649891270012,0.11836244868993935,0.03891320681830396,0.283,signal_step,sonnet,8.0,4.0,sonnet,sonnet,,,,,,,,0,2000,12345
LaMP-2,macro_f1,99,0.009066247564699592,-0.028658834495094654,0.04782672275027667,0.019587271036254014,0.638,signal_step,sonnet,16.0,8.0,sonnet,sonnet,,,,,,,,0,2000,12345
LaMP-2,macro_f1,98,0.005451635745753414,-0.04634741163909472,0.05640617383507209,0.026630553756761953,0.826,signal_step,sonnet,32.0,16.0,sonnet,sonnet,,,,,,,,0,2000,12345
LaMP-2,macro_f1,99,0.024792395055552974,-0.03895548904494714,0.0862736224559754,0.032605375489671254,0.506,signal_step,opus,1.0,0.0,opus,opus,,,,,,,,0,2000,12345
LaMP-2,macro_f1,99,0.05093535328829446,-0.00996251880858477,0.11385980742862058,0.0314841550251776,0.11,signal_step,opus,2.0,1.0,opus,opus,,,,,,,,0,2000,12345
LaMP-2,macro_f1,99,0.042273409102677406,-0.015787579197788407,0.1007916132498446,0.029975876760808554,0.181,signal_step,opus,4.0,2.0,opus,opus,,,,,,,,0,2000,12345
LaMP-2,macro_f1,99,0.033571179745007396,-0.016835408462730423,0.08153027929239148,0.025762956046068902,0.215,signal_step,opus,8.0,4.0,opus,opus,,,,,,,,0,2000,12345
LaMP-2,macro_f1,99,-0.03350316350316351,-0.09402676056812688,0.04200587883297149,0.03452677473285823,0.413,signal_step,opus,16.0,8.0,opus,opus,,,,,,,,0,2000,12345
LaMP-2,macro_f1,99,0.02245471402082444,-0.059148852432557096,0.09178149298348012,0.03820120274334678,0.658,signal_step,opus,32.0,16.0,opus,opus,,,,,,,,0,2000,12345
LaMP-3,mae,99,-0.18181818181818182,-0.30303030303030304,-0.06060606060606061,0.06262751038662734,0.003,signal_step,haiku,1.0,0.0,haiku,haiku,,,,,,,,1,2000,12345
LaMP-3,mae,99,-0.010101010101010055,-0.07070707070707072,0.06060606060606061,0.0336968003503106,0.896,signal_step,haiku,2.0,1.0,haiku,haiku,,,,,,,,0,2000,12345
LaMP-3,mae,99,-0.060606060606060635,-0.1313131313131313,0.010101010101010055,0.03472647452430159,0.091,signal_step,haiku,4.0,2.0,haiku,haiku,,,,,,,,0,2000,12345
LaMP-3,mae,99,-0.06060606060606061,-0.12121212121212122,0.0,0.03115292178936935,0.051,signal_step,haiku,8.0,4.0,haiku,haiku,,,,,,,,0,2000,12345
LaMP-3,mae,99,0.0505050505050505,-0.010101010101010097,0.12121212121212122,0.033051308077421314,0.148,signal_step,haiku,16.0,8.0,haiku,haiku,,,,,,,,0,2000,12345
LaMP-3,mae,99,-0.0505050505050505,-0.12121212121212122,0.0,0.03275455170580733,0.094,signal_step,haiku,32.0,16.0,haiku,haiku,,,,,,,,0,2000,12345
LaMP-3,mae,98,-0.051020408163265335,-0.1326530612244898,0.040816326530612235,0.044308348430642845,0.311,signal_step,sonnet,1.0,0.0,sonnet,sonnet,,,,,,,,0,2000,12345
LaMP-3,mae,97,-0.030927835051546393,-0.09278350515463918,0.04123711340206185,0.03420838999985629,0.448,signal_step,sonnet,2.0,1.0,sonnet,sonnet,,,,,,,,0,2000,12345
LaMP-3,mae,97,-0.041237113402061876,-0.1134020618556701,0.020618556701030938,0.035481640358842145,0.287,signal_step,sonnet,4.0,2.0,sonnet,sonnet,,,,,,,,0,2000,12345
LaMP-3,mae,99,-0.030303030303030304,-0.08080808080808081,0.020202020202020207,0.026091609315681406,0.328,signal_step,sonnet,8.0,4.0,sonnet,sonnet,,,,,,,,0,2000,12345
LaMP-3,mae,99,0.01010101010101011,-0.020202020202020207,0.040404040404040414,0.01678161794802809,0.743,signal_step,sonnet,16.0,8.0,sonnet,sonnet,,,,,,,,0,2000,12345
LaMP-3,mae,98,0.0,0.0,0.0,0.0,1.0,signal_step,sonnet,32.0,16.0,sonnet,sonnet,,,,,,,,1,2000,12345
LaMP-3,mae,99,-0.0505050505050505,-0.12121212121212122,0.02020202020202022,0.03675748954142534,0.213,signal_step,opus,1.0,0.0,opus,opus,,,,,,,,0,2000,12345
LaMP-3,mae,99,-0.040404040404040414,-0.10101010101010102,0.020202020202020193,0.03130701614031444,0.264,signal_step,opus,2.0,1.0,opus,opus,,,,,,,,0,2000,12345
LaMP-3,mae,99,-0.0505050505050505,-0.11111111111111113,0.010101010101010083,0.030531756217713424,0.121,signal_step,opus,4.0,2.0,opus,opus,,,,,,,,0,2000,12345
LaMP-3,mae,99,-0.010101010101010083,-0.05050505050505051,0.030303030303030304,0.021864106247626264,0.83,signal_step,opus,8.0,4.0,opus,opus,,,,,,,,0,2000,12345
LaMP-3,mae,99,0.020202020202020193,-0.020202020202020193,0.07070707070707072,0.02419155421576393,0.575,signal_step,opus,16.0,8.0,opus,opus,,,,,,,,0,2000,12345
LaMP-3,mae,99,0.0,-0.04040404040404041,0.040404040404040414,0.02055074185519934,1.0,signal_step,opus,32.0,16.0,opus,opus,,,,,,,,0,2000,12345
LaMP-5,rouge_1,99,0.024553425366203918,-0.01183484714262861,0.06279894915505788,0.019962119764803506,0.225,signal_step,haiku,1.0,0.0,haiku,haiku,,,,,,,,0,2000,12345
LaMP-5,rouge_1,99,0.00911512594240399,-0.018687800617744995,0.03691375388347628,0.014378157585390251,0.525,signal_step,haiku,2.0,1.0,haiku,haiku,,,,,,,,0,2000,12345
LaMP-5,rouge_1,99,-0.004964728679429931,-0.030253277122765293,0.019202664927404613,0.012732409628515736,0.693,signal_step,haiku,16.0,8.0,haiku,haiku,,,,,,,,0,2000,12345
LaMP-5,rouge_1,99,-0.005082605162997023,-0.03187512899106803,0.022298502084187908,0.014223280630530298,0.726,signal_step,haiku,32.0,16.0,haiku,haiku,,,,,,,,0,2000,12345
LaMP-5,rouge_1,99,0.006030259394396165,-0.034589783633543564,0.04601371085384554,0.020306745382333097,0.791,signal_step,sonnet,1.0,0.0,sonnet,sonnet,,,,,,,,0,2000,12345
LaMP-5,rouge_1,99,0.016743389371861483,-0.018818086970053844,0.05245415671225745,0.018343192099627426,0.383,signal_step,sonnet,2.0,1.0,sonnet,sonnet,,,,,,,,0,2000,12345
LaMP-5,rouge_1,99,0.027780252362112123,-0.00486302118876332,0.06108964296540164,0.016952951268031008,0.097,signal_step,sonnet,4.0,2.0,sonnet,sonnet,,,,,,,,0,2000,12345
LaMP-5,rouge_1,99,-0.032461481768354505,-0.06947423112865679,0.00481952070490501,0.019350637245372875,0.093,signal_step,sonnet,8.0,4.0,sonnet,sonnet,,,,,,,,0,2000,12345
LaMP-5,rouge_1,99,0.00971675465014421,-0.028360960018948566,0.044403174173954806,0.01868959118440902,0.621,signal_step,sonnet,16.0,8.0,sonnet,sonnet,,,,,,,,0,2000,12345
LaMP-5,rouge_1,98,0.01595098157786856,-0.020365129611267435,0.05263739539405669,0.01877492229274293,0.385,signal_step,sonnet,32.0,16.0,sonnet,sonnet,,,,,,,,0,2000,12345
LaMP-5,rouge_1,99,-0.0008149306168194204,-0.04279671196050552,0.03991646252630712,0.020742058269450653,0.946,signal_step,opus,1.0,0.0,opus,opus,,,,,,,,0,2000,12345
LaMP-5,rouge_1,99,0.015096353143543295,-0.012974568650347311,0.04377963461321421,0.014726798693974632,0.302,signal_step,opus,2.0,1.0,opus,opus,,,,,,,,0,2000,12345
LaMP-5,rouge_1,99,-0.0010902392262908123,-0.03468595104410367,0.03262371031824226,0.01734714569075273,0.958,signal_step,opus,4.0,2.0,opus,opus,,,,,,,,0,2000,12345
LaMP-5,rouge_1,99,-0.009646797518814199,-0.03458022073387744,0.014596832032184736,0.012424398015126611,0.443,signal_step,opus,8.0,4.0,opus,opus,,,,,,,,0,2000,12345
LaMP-5,rouge_1,99,-0.01640289559626973,-0.04892195910679064,0.014921469251966055,0.01628353307395068,0.308,signal_step,opus,16.0,8.0,opus,opus,,,,,,,,0,2000,12345
LaMP-5,rouge_1,99,0.007490770430743698,-0.017433725606210534,0.03373569603716496,0.013169002577023829,0.572,signal_step,opus,32.0,16.0,opus,opus,,,,,,,,0,2000,12345
LaMP-1,accuracy,97,-0.020618556701030966,-0.10309278350515466,0.061855670103092786,0.04390991464612826,0.73,compute_at_fixed_k,sonnet-haiku,0.0,0.0,sonnet,haiku,,,,,,,,0,2000,12345
LaMP-1,accuracy,99,-0.020202020202020166,-0.10101010101010105,0.06085858585858454,0.04370649085354664,0.735,compute_at_fixed_k,opus-haiku,0.0,0.0,opus,haiku,,,,,,,,0,2000,12345
LaMP-1,accuracy,97,0.010309278350515483,-0.061855670103092786,0.0824742268041237,0.03482660700272412,0.878,compute_at_fixed_k,opus-sonnet,0.0,0.0,opus,sonnet,,,,,,,,0,2000,12345
LaMP-1,accuracy,98,-0.030612244897959162,-0.11224489795918363,0.05102040816326531,0.040076831334524235,0.55,compute_at_fixed_k,sonnet-haiku,1.0,1.0,sonnet,haiku,,,,,,,,0,2000,12345
LaMP-1,accuracy,99,-0.02020202020202022,-0.09090909090909094,0.0505050505050505,0.03498969680678565,0.692,compute_at_fixed_k,opus-haiku,1.0,1.0,opus,haiku,,,,,,,,0,2000,12345
LaMP-1,accuracy,98,0.020408163265306145,-0.05102040816326531,0.09183673469387754,0.03592082558845592,0.685,compute_at_fixed_k,opus-sonnet,1.0,1.0,opus,sonnet,,,,,,,,0,2000,12345
LaMP-1,accuracy,98,0.010204081632653073,-0.08163265306122447,0.10204081632653061,0.04489985132365929,0.916,compute_at_fixed_k,sonnet-haiku,2.0,2.0,sonnet,haiku,,,,,,,,0,2000,12345
LaMP-1,accuracy,99,0.02020202020202022,-0.06060606060606061,0.101010101010101,0.040566114718019096,0.688,compute_at_fixed_k,opus-haiku,2.0,2.0,opus,haiku,,,,,,,,0,2000,12345
LaMP-1,accuracy,98,0.010204081632653073,-0.05102040816326536,0.07142857142857151,0.033717563924214974,0.889,compute_at_fixed_k,opus-sonnet,2.0,2.0,opus,sonnet,,,,,,,,0,2000,12345
LaMP-1,accuracy,98,0.09183673469387754,-0.010204081632653073,0.1938775510204081,0.05047678217326128,0.08,compute_at_fixed_k,sonnet-haiku,4.0,4.0,sonnet,haiku,,,,,,,,0,2000,12345
LaMP-1,accuracy,99,0.09090909090909083,0.0,0.18181818181818177,0.04407724887069172,0.053,compute_at_fixed_k,opus-haiku,4.0,4.0,opus,haiku,,,,,,,,0,2000,12345
LaMP-1,accuracy,98,0.010204081632653073,-0.061224489795918324,0.08163265306122447,0.03676727934184175,0.922,compute_at_fixed_k,opus-sonnet,4.0,4.0,opus,sonnet,,,,,,,,0,2000,12345
LaMP-1,accuracy,98,0.08163265306122458,-0.010204081632653073,0.18367346938775508,0.049290198778513816,0.102,compute_at_fixed_k,sonnet-haiku,8.0,8.0,sonnet,haiku,,,,,,,,0,2000,12345
LaMP-1,accuracy,99,0.02020202020202022,-0.07070707070707072,0.11111111111111105,0.046792285487147846,0.768,compute_at_fixed_k,opus-haiku,8.0,8.0,opus,haiku,,,,,,,,0,2000,12345
LaMP-1,accuracy,98,-0.05102040816326536,-0.13265306122448983,0.030612244897959107,0.04053727310419285,0.241,compute_at_fixed_k,opus-sonnet,8.0,8.0,opus,sonnet,,,,,,,,0,2000,12345
LaMP-1,accuracy,98,-0.006311803071744171,-0.10130773361976365,0.08889152735562293,0.04853172218974463,0.882,compute_at_fixed_k,sonnet-haiku,16.0,16.0,sonnet,haiku,,,,,,,,0,2000,12345
LaMP-1,accuracy,99,-0.006287363430220627,-0.0976087404658833,0.08080808080808077,0.0460686196126894,0.896,compute_at_fixed_k,opus-haiku,16.0,16.0,opus,haiku,,,,,,,,0,2000,12345
LaMP-1,accuracy,98,0.010204081632653073,-0.061224489795918435,0.08163265306122447,0.03726668784812855,0.888,compute_at_fixed_k,opus-sonnet,16.0,16.0,opus,sonnet,,,,,,,,0,2000,12345
LaMP-1,accuracy,98,0.061224489795918324,-0.04081632653061218,0.16326530612244905,0.05146691835198109,0.287,compute_at_fixed_k,sonnet-haiku,32.0,32.0,sonnet,haiku,,,,,,,,0,2000,12345
LaMP-1,accuracy,99,-0.030303030303030276,-0.14141414141414144,0.07070707070707072,0.05656286808071151,0.648,compute_at_fixed_k,opus-haiku,32.0,32.0,opus,haiku,,,,,,,,0,2000,12345
LaMP-1,accuracy,98,-0.08163265306122447,-0.16352040816326535,0.0,0.04271882704619208,0.068,compute_at_fixed_k,opus-sonnet,32.0,32.0,opus,sonnet,,,,,,,,0,2000,12345
LaMP-2,macro_f1,94,-0.09447870607038689,-0.15636343035679792,0.002313720915966216,0.042487950299833634,0.06,compute_at_fixed_k,sonnet-haiku,0.0,0.0,sonnet,haiku,,,,,,,,0,2000,12345
LaMP-2,macro_f1,99,-0.09918280177568106,-0.1735818611858855,0.01736067494235859,0.049332791923468504,0.119,compute_at_fixed_k,opus-haiku,0.0,0.0,opus,haiku,,,,,,,,0,2000,12345
LaMP-2,macro_f1,94,0.0020249125871816265,-0.04880817483998422,0.054900463204281456,0.026791125707049286,0.987,compute_at_fixed_k,opus-sonnet,0.0,0.0,opus,sonnet,,,,,,,,0,2000,12345
LaMP-2,macro_f1,95,0.016507932785022605,-0.056460790276749884,0.10053669334299377,0.04012683610106545,0.609,compute_at_fixed_k,sonnet-haiku,1.0,1.0,sonnet,haiku,,,,,,,,0,2000,12345
LaMP-2,macro_f1,99,-0.011609493962435158,-0.0760801429453259,0.06790257398998731,0.036611413953657045,0.871,compute_at_fixed_k,opus-haiku,1.0,1.0,opus,haiku,,,,,,,,0,2000,12345
LaMP-2,macro_f1,95,-0.029630240760271764,-0.08836853591112599,0.027024317987441815,0.029916642169771468,0.346,compute_at_fixed_k,opus-sonnet,1.0,1.0,opus,sonnet,,,,,,,,0,2000,12345
LaMP-2,macro_f1,90,0.03267146246273378,-0.0343995451025939,0.09819341381292597,0.034418447225335796,0.355,compute_at_fixed_k,sonnet-haiku,2.0,2.0,sonnet,haiku,,,,,,,,0,2000,12345
LaMP-2,macro_f1,90,0.012656380270232248,-0.05134985467665492,0.07432948197679798,0.03187714462319674,0.727,compute_at_fixed_k,opus-haiku,2.0,2.0,opus,haiku,,,,,,,,0,2000,12345
LaMP-2,macro_f1,99,-0.014139171786230642,-0.09561721920666272,0.06785250166313132,0.041675526550603546,0.769,compute_at_fixed_k,opus-sonnet,2.0,2.0,opus,sonnet,,,,,,,,0,2000,12345
LaMP-2,macro_f1,93,0.04647158941276591,-0.02511514903191013,0.11498766161543657,0.03560482995592902,0.2,compute_at_fixed_k,sonnet-haiku,4.0,4.0,sonnet,haiku,,,,,,,,0,2000,12345
LaMP-2,macro_f1,99,0.05959196200946565,-0.020731154076425975,0.13319011515381537,0.04009836990364609,0.175,compute_at_fixed_k,opus-haiku,4.0,4.0,opus,haiku,,,,,,,,0,2000,12345
LaMP-2,macro_f1,93,0.03716962399889223,-0.052121524113074885,0.1252318901348743,0.044964526698950215,0.496,compute_at_fixed_k,opus-sonnet,4.0,4.0,opus,sonnet,,,,,,,,0,2000,12345
LaMP-2,macro_f1,99,0.0726830416613698,0.005210390025178667,0.1397083216304389,0.035364017390194395,0.032,compute_at_fixed_k,sonnet-haiku,8.0,8.0,sonnet,haiku,,,,,,,,1,2000,12345
LaMP-2,macro_f1,99,0.07856659051705495,0.0038921255902679658,0.14533332253575632,0.03610238583103539,0.041,compute_at_fixed_k,opus-haiku,8.0,8.0,opus,haiku,,,,,,,,1,2000,12345
LaMP-2,macro_f1,99,0.00588354885568515,-0.05889141528503486,0.0668265735938277,0.03209238455819001,0.892,compute_at_fixed_k,opus-sonnet,8.0,8.0,opus,sonnet,,,,,,,,0,2000,12345
LaMP-2,macro_f1,99,0.05329181092338986,-0.016379491070875118,0.12429961415272588,0.036730507821523845,0.152,compute_at_fixed_k,sonnet-haiku,16.0,16.0,sonnet,haiku,,,,,,,,0,2000,12345
LaMP-2,macro_f1,99,0.016605948711211904,-0.05284410195998925,0.09297428983940603,0.03783022256524506,0.626,compute_at_fixed_k,opus-haiku,16.0,16.0,opus,haiku,,,,,,,,0,2000,12345
LaMP-2,macro_f1,99,-0.036685862212177955,-0.08949238367046183,0.025855092721378956,0.029825325765962377,0.264,compute_at_fixed_k,opus-sonnet,16.0,16.0,opus,sonnet,,,,,,,,0,2000,12345
LaMP-2,macro_f1,98,0.07411239617121967,0.00721539211544064,0.14536393695654898,0.03524976284422415,0.028,compute_at_fixed_k,sonnet-haiku,32.0,32.0,sonnet,haiku,,,,,,,,1,2000,12345
LaMP-2,macro_f1,99,0.05763465104286669,-0.014362281096706982,0.13112570678352808,0.036519254595145274,0.106,compute_at_fixed_k,opus-haiku,32.0,32.0,opus,haiku,,,,,,,,0,2000,12345
LaMP-2,macro_f1,98,-0.019545185037898205,-0.0999380915080841,0.060193570811616866,0.04137033679570547,0.595,compute_at_fixed_k,opus-sonnet,32.0,32.0,opus,sonnet,,,,,,,,0,2000,12345
LaMP-3,mae,98,-0.19387755102040816,-0.29591836734693877,-0.10204081632653061,0.04918932415176127,0.0005,compute_at_fixed_k,sonnet-haiku,0.0,0.0,sonnet,haiku,,,,,,,,1,2000,12345
LaMP-3,mae,99,-0.1717171717171717,-0.2828282828282828,-0.08080808080808077,0.05192227260412126,0.0005,compute_at_fixed_k,opus-haiku,0.0,0.0,opus,haiku,,,,,,,,1,2000,12345
LaMP-3,mae,98,0.02040816326530609,-0.03061224489795919,0.07142857142857145,0.0280450285106131,0.598,compute_at_fixed_k,opus-sonnet,0.0,0.0,opus,sonnet,,,,,,,,0,2000,12345
LaMP-3,mae,99,-0.06060606060606058,-0.13131313131313133,0.0,0.034536364098061836,0.096,compute_at_fixed_k,sonnet-haiku,1.0,1.0,sonnet,haiku,,,,,,,,0,2000,12345
LaMP-3,mae,99,-0.04040404040404039,-0.12121212121212122,0.04040404040404039,0.04027674318003729,0.369,compute_at_fixed_k,opus-haiku,1.0,1.0,opus,haiku,,,,,,,,0,2000,12345
LaMP-3,mae,99,0.020202020202020193,-0.050505050505050525,0.09090909090909094,0.03754649965947377,0.692,compute_at_fixed_k,opus-sonnet,1.0,1.0,opus,sonnet,,,,,,,,0,2000,12345
LaMP-3,mae,97,-0.0824742268041237,-0.1443298969072165,-0.020618556701030938,0.03192154436546113,0.012,compute_at_fixed_k,sonnet-haiku,2.0,2.0,sonnet,haiku,,,,,,,,1,2000,12345
LaMP-3,mae,99,-0.07070707070707075,-0.1414141414141414,-0.01010101010101011,0.03294465234567119,0.035,compute_at_fixed_k,opus-haiku,2.0,2.0,opus,haiku,,,,,,,,1,2000,12345
LaMP-3,mae,97,0.010309278350515455,-0.041237113402061876,0.061855670103092786,0.028028244266202467,0.845,compute_at_fixed_k,opus-sonnet,2.0,2.0,opus,sonnet,,,,,,,,0,2000,12345
LaMP-3,mae,99,-0.06060606060606061,-0.1515151515151515,0.01010101010101011,0.042220936218192645,0.156,compute_at_fixed_k,sonnet-haiku,4.0,4.0,sonnet,haiku,,,,,,,,0,2000,12345
LaMP-3,mae,99,-0.06060606060606061,-0.13131313131313133,0.0,0.03470600897772112,0.089,compute_at_fixed_k,opus-haiku,4.0,4.0,opus,haiku,,,,,,,,0,2000,12345
LaMP-3,mae,99,0.0,-0.040404040404040414,0.04040404040404039,0.020191888859804222,1.0,compute_at_fixed_k,opus-sonnet,4.0,4.0,opus,sonnet,,,,,,,,0,2000,12345
LaMP-3,mae,99,-0.030303030303030304,-0.08080808080808081,0.020202020202020193,0.026373411586659186,0.321,compute_at_fixed_k,sonnet-haiku,8.0,8.0,sonnet,haiku,,,,,,,,0,2000,12345
LaMP-3,mae,99,-0.010101010101010083,-0.06060606060606058,0.030303030303030304,0.02276358568187065,0.801,compute_at_fixed_k,opus-haiku,8.0,8.0,opus,haiku,,,,,,,,0,2000,12345
LaMP-3,mae,99,0.02020202020202022,-0.020202020202020193,0.06060606060606061,0.019989358240544323,0.457,compute_at_fixed_k,opus-sonnet,8.0,8.0,opus,sonnet,,,,,,,,0,2000,12345
LaMP-3,mae,99,-0.07070707070707069,-0.1616161616161616,0.010101010101010097,0.04303954552699655,0.106,compute_at_fixed_k,sonnet-haiku,16.0,16.0,sonnet,haiku,,,,,,,,0,2000,12345
LaMP-3,mae,99,-0.04040404040404039,-0.10101010101010102,0.02020202020202022,0.0325358718873922,0.272,compute_at_fixed_k,opus-haiku,16.0,16.0,opus,haiku,,,,,,,,0,2000,12345
LaMP-3,mae,99,0.030303030303030304,-0.030303030303030304,0.09090909090909091,0.032925710352028646,0.442,compute_at_fixed_k,opus-sonnet,16.0,16.0,opus,sonnet,,,,,,,,0,2000,12345
LaMP-3,mae,98,-0.010204081632653073,-0.06122448979591838,0.04081632653061225,0.027350517375404594,0.842,compute_at_fixed_k,sonnet-haiku,32.0,32.0,sonnet,haiku,,,,,,,,0,2000,12345
LaMP-3,mae,99,0.01010101010101011,-0.05050505050505051,0.0808080808080808,0.03399213090373263,0.878,compute_at_fixed_k,opus-haiku,32.0,32.0,opus,haiku,,,,,,,,0,2000,12345
LaMP-3,mae,98,0.020408163265306117,-0.05102040816326529,0.09183673469387756,0.0352341270968474,0.666,compute_at_fixed_k,opus-sonnet,32.0,32.0,opus,sonnet,,,,,,,,0,2000,12345
LaMP-5,rouge_1,99,0.03493747306612127,0.0016734902356284592,0.06702871821325036,0.016849921161984593,0.042,compute_at_fixed_k,sonnet-haiku,0.0,0.0,sonnet,haiku,,,,,,,,1,2000,12345
LaMP-5,rouge_1,99,0.053034893606432154,0.015884967184953237,0.09036067120810473,0.019018813737023403,0.005,compute_at_fixed_k,opus-haiku,0.0,0.0,opus,haiku,,,,,,,,1,2000,12345
LaMP-5,rouge_1,99,0.018097420540310882,-0.015773587371487617,0.05271016541649833,0.017535736433988147,0.301,compute_at_fixed_k,opus-sonnet,0.0,0.0,opus,sonnet,,,,,,,,0,2000,12345
LaMP-5,rouge_1,99,0.01641430709431352,-0.019898932935941603,0.05419379139694946,0.018744175314459155,0.377,compute_at_fixed_k,sonnet-haiku,1.0,1.0,sonnet,haiku,,,,,,,,0,2000,12345
LaMP-5,rouge_1,99,0.027666537623408816,-0.0132872826220778,0.06970831732044551,0.021656243668152195,0.203,compute_at_fixed_k,opus-haiku,1.0,1.0,opus,haiku,,,,,,,,0,2000,12345
LaMP-5,rouge_1,99,0.011252230529095297,-0.02882512447623188,0.048474601477050724,0.02007358122782302,0.589,compute_at_fixed_k,opus-sonnet,1.0,1.0,opus,sonnet,,,,,,,,0,2000,12345
LaMP-5,rouge_1,99,0.024042570523771012,-0.020820516318393004,0.06883736869052064,0.022869103121557363,0.31,compute_at_fixed_k,sonnet-haiku,2.0,2.0,sonnet,haiku,,,,,,,,0,2000,12345
LaMP-5,rouge_1,99,0.03364776482454812,-0.006466808785131225,0.07463781983636088,0.020689703722687358,0.105,compute_at_fixed_k,opus-haiku,2.0,2.0,opus,haiku,,,,,,,,0,2000,12345
LaMP-5,rouge_1,99,0.009605194300777109,-0.030225984890747706,0.053979714132188356,0.02129191489541323,0.647,compute_at_fixed_k,opus-sonnet,2.0,2.0,opus,sonnet,,,,,,,,0,2000,12345
LaMP-5,rouge_1,99,-0.019265297287625827,-0.060236641710959174,0.021431503828164007,0.020752888437676333,0.376,compute_at_fixed_k,opus-sonnet,4.0,4.0,opus,sonnet,,,,,,,,0,2000,12345
LaMP-5,rouge_1,99,0.01740745487748424,-0.023620475186395717,0.06032245969264392,0.021491432006001294,0.467,compute_at_fixed_k,sonnet-haiku,8.0,8.0,sonnet,haiku,,,,,,,,0,2000,12345
LaMP-5,rouge_1,99,0.02095684183939872,-0.017139538434592108,0.057334564925389866,0.01939731250364905,0.27,compute_at_fixed_k,opus-haiku,8.0,8.0,opus,haiku,,,,,,,,0,2000,12345
LaMP-5,rouge_1,99,0.0035493869619144802,-0.03615369825347778,0.04264342393418661,0.019999258715132955,0.832,compute_at_fixed_k,opus-sonnet,8.0,8.0,opus,sonnet,,,,,,,,0,2000,12345
LaMP-5,rouge_1,99,0.03208893820705838,-0.009411204991504002,0.07445724647939443,0.021380945551672657,0.138,compute_at_fixed_k,sonnet-haiku,16.0,16.0,sonnet,haiku,,,,,,,,0,2000,12345
LaMP-5,rouge_1,99,0.009518674922558923,-0.03274056353264069,0.051333158618891386,0.020975102817390345,0.656,compute_at_fixed_k,opus-haiku,16.0,16.0,opus,haiku,,,,,,,,0,2000,12345
LaMP-5,rouge_1,99,-0.02257026328449946,-0.06727484473140108,0.022811132308451852,0.022667116532008393,0.344,compute_at_fixed_k,opus-sonnet,16.0,16.0,opus,sonnet,,,,,,,,0,2000,12345
LaMP-5,rouge_1,98,0.05327756088049568,0.01832824450804841,0.08985204892485137,0.019034116938688617,0.003,compute_at_fixed_k,sonnet-haiku,32.0,32.0,sonnet,haiku,,,,,,,,1,2000,12345
LaMP-5,rouge_1,99,0.022092050516299644,-0.01508021303629037,0.061128406048742846,0.019704191595316747,0.257,compute_at_fixed_k,opus-haiku,32.0,32.0,opus,haiku,,,,,,,,0,2000,12345
LaMP-5,rouge_1,98,-0.031184346807683172,-0.07273275535274333,0.0066228941834713005,0.01985105054876959,0.095,compute_at_fixed_k,opus-sonnet,32.0,32.0,opus,sonnet,,,,,,,,0,2000,12345
LaMP-1,accuracy,99,0.111111111111111,0.0,0.2222222222222222,0.05544946554453921,0.052,interaction_DiD,opus-haiku,4.0,,opus,haiku,,,,,,,,0,2000,12345
LaMP-1,accuracy,99,0.04040404040404039,-0.08080808080808088,0.15151515151515155,0.06063113108984276,0.573,interaction_DiD,opus-haiku,8.0,,opus,haiku,,,,,,,,0,2000,12345
LaMP-1,accuracy,99,0.013914656771799538,-0.10689033189033187,0.12605648319934026,0.05878716560946656,0.853,interaction_DiD,opus-haiku,16.0,,opus,haiku,,,,,,,,0,2000,12345
LaMP-1,accuracy,99,-0.01010101010101011,-0.15151515151515155,0.1111111111111111,0.0665764731616039,0.886,interaction_DiD,opus-haiku,32.0,,opus,haiku,,,,,,,,0,2000,12345
LaMP-1,accuracy,97,0.10309278350515472,-0.010309278350515538,0.21649484536082475,0.06036182293751893,0.099,interaction_DiD,sonnet-haiku,4.0,,sonnet,haiku,,,,,,,,0,2000,12345
LaMP-1,accuracy,97,0.09278350515463918,-0.030927835051546393,0.21649484536082464,0.06227848441047242,0.148,interaction_DiD,sonnet-haiku,8.0,,sonnet,haiku,,,,,,,,0,2000,12345
LaMP-1,accuracy,97,0.0038659793814432852,-0.11548562126966899,0.11821520618556661,0.060091120240811716,0.98,interaction_DiD,sonnet-haiku,16.0,,sonnet,haiku,,,,,,,,0,2000,12345
LaMP-1,accuracy,97,0.07216494845360832,-0.0515463917525773,0.1855670103092784,0.06287564761959809,0.291,interaction_DiD,sonnet-haiku,32.0,,sonnet,haiku,,,,,,,,0,2000,12345
LaMP-1,accuracy,97,-5.551115123125783e-17,-0.09278350515463918,0.09278350515463912,0.04634418551957085,1.0,interaction_DiD,opus-sonnet,4.0,,opus,sonnet,,,,,,,,0,2000,12345
LaMP-1,accuracy,97,-0.06185567010309273,-0.16494845360824745,0.05154639175257725,0.053782545564007155,0.271,interaction_DiD,opus-sonnet,8.0,,opus,sonnet,,,,,,,,0,2000,12345
LaMP-1,accuracy,97,5.551115123125783e-17,-0.09278350515463918,0.09278350515463918,0.04698173973272121,1.0,interaction_DiD,opus-sonnet,16.0,,opus,sonnet,,,,,,,,0,2000,12345
LaMP-1,accuracy,97,-0.09278350515463923,-0.19587628865979378,0.010309278350515427,0.05171380784722964,0.08,interaction_DiD,opus-sonnet,32.0,,opus,sonnet,,,,,,,,0,2000,12345
LaMP-2,macro_f1,99,0.1587747637851467,0.007379436818736351,0.2637402929599719,0.0650245407825814,0.035,interaction_DiD,opus-haiku,4.0,,opus,haiku,*,,,,,,,1,2000,12345
LaMP-2,macro_f1,99,0.177749392292736,0.03324933385236564,0.2712059595122533,0.06092638957586617,0.01,interaction_DiD,opus-haiku,8.0,,opus,haiku,*,,,,,,,1,2000,12345
LaMP-2,macro_f1,99,0.11578875048689297,0.0032952609675363006,0.1985302874826077,0.05032051952348723,0.047,interaction_DiD,opus-haiku,16.0,,opus,haiku,*,,,,,,,1,2000,12345
LaMP-2,macro_f1,99,0.15681745281854775,0.022361460566346147,0.24900971440479147,0.0585507733098576,0.016,interaction_DiD,opus-haiku,32.0,,opus,haiku,*,,,,,,,1,2000,12345
LaMP-2,macro_f1,88,0.12857392010617835,0.0020342877340394742,0.20678801927603555,0.05276785071407934,0.042,interaction_DiD,sonnet-haiku,4.0,,sonnet,haiku,*,,,,,,,1,2000,12345
LaMP-2,macro_f1,94,0.15106130591924055,0.02993229048787017,0.22472582194297355,0.05011568884500241,0.006,interaction_DiD,sonnet-haiku,8.0,,sonnet,haiku,*,,,,,,,1,2000,12345
LaMP-2,macro_f1,94,0.14457375503540493,0.026888860199168883,0.2201338042425692,0.04961392708563374,0.005,interaction_DiD,sonnet-haiku,16.0,,sonnet,haiku,*,,,,,,,1,2000,12345
LaMP-2,macro_f1,93,0.1668205834122643,0.048639648348680634,0.2521544563164989,0.052410935607479295,0.002,interaction_DiD,sonnet-haiku,32.0,,sonnet,haiku,*,,,,,,,1,2000,12345
LaMP-2,macro_f1,88,0.02955834850086958,-0.07788868819914775,0.13958262986147008,0.05501591321529472,0.61,interaction_DiD,opus-sonnet,4.0,,opus,sonnet,,,,,,,,0,2000,12345
LaMP-2,macro_f1,94,0.011779791480680313,-0.07298814386825399,0.09899609761157942,0.04353369612361218,0.818,interaction_DiD,opus-sonnet,8.0,,opus,sonnet,,,,,,,,0,2000,12345
LaMP-2,macro_f1,94,-0.02629804362501853,-0.09972381587128903,0.05734119820126234,0.03963146466204212,0.537,interaction_DiD,opus-sonnet,16.0,,opus,sonnet,,,,,,,,0,2000,12345
LaMP-2,macro_f1,93,-0.008079405310858045,-0.10891766687282664,0.09267407755215876,0.05124159323263512,0.867,interaction_DiD,opus-sonnet,32.0,,opus,sonnet,,,,,,,,0,2000,12345
LaMP-3,mae,99,0.11111111111111108,0.010101010101010138,0.22222222222222218,0.05307635921932363,0.022,interaction_DiD,opus-haiku,4.0,,opus,haiku,*,,,,,,,1,2000,12345
LaMP-3,mae,99,0.16161616161616166,0.07070707070707066,0.2727272727272727,0.05269196247770611,0.0005,interaction_DiD,opus-haiku,8.0,,opus,haiku,*,,,,,,,1,2000,12345
LaMP-3,mae,99,0.13131313131313135,0.02020202020202022,0.2525252525252525,0.05918975117747753,0.02,interaction_DiD,opus-haiku,16.0,,opus,haiku,*,,,,,,,1,2000,12345
LaMP-3,mae,99,0.18181818181818185,0.06060606060606058,0.3232323232323232,0.06744509672243086,0.003,interaction_DiD,opus-haiku,32.0,,opus,haiku,*,,,,,,,1,2000,12345
LaMP-3,mae,98,0.13265306122448978,0.030357142857142826,0.23494897959183542,0.055385651902036495,0.019,interaction_DiD,sonnet-haiku,4.0,,sonnet,haiku,*,,,,,,,1,2000,12345
LaMP-3,mae,98,0.163265306122449,0.06122448979591838,0.2653061224489796,0.0522472938726386,0.002,interaction_DiD,sonnet-haiku,8.0,,sonnet,haiku,*,,,,,,,1,2000,12345
LaMP-3,mae,98,0.12244897959183673,0.010204081632653073,0.2346938775510204,0.0578609168919443,0.032,interaction_DiD,sonnet-haiku,16.0,,sonnet,haiku,*,,,,,,,1,2000,12345
LaMP-3,mae,97,0.1855670103092784,0.0824742268041237,0.2989690721649485,0.05725796521978669,0.0005,interaction_DiD,sonnet-haiku,32.0,,sonnet,haiku,*,,,,,,,1,2000,12345
LaMP-3,mae,98,-0.02040816326530609,-0.09183673469387753,0.041071428571427225,0.03513514096115844,0.62,interaction_DiD,opus-sonnet,4.0,,opus,sonnet,,,,,,,,0,2000,12345
LaMP-3,mae,98,2.7755575615628914e-17,-0.07142857142857142,0.06122448979591841,0.034732074912608164,1.0,interaction_DiD,opus-sonnet,8.0,,opus,sonnet,,,,,,,,0,2000,12345
LaMP-3,mae,98,0.0102040816326531,-0.07142857142857142,0.10204081632653061,0.04433614553239374,0.858,interaction_DiD,opus-sonnet,16.0,,opus,sonnet,,,,,,,,0,2000,12345
LaMP-3,mae,97,0.0,-0.0927835051546392,0.0927835051546392,0.04922761448876247,1.0,interaction_DiD,opus-sonnet,32.0,,opus,sonnet,,,,,,,,0,2000,12345
LaMP-5,rouge_1,99,-0.03207805176703343,-0.06934880668200036,0.00340056546408999,0.018613572440407844,0.088,interaction_DiD,opus-haiku,8.0,,opus,haiku,,,,,,,,0,2000,12345
LaMP-5,rouge_1,99,-0.04351621868387323,-0.08707264751275291,-0.0018133650804766333,0.021155937729010487,0.041,interaction_DiD,opus-haiku,16.0,,opus,haiku,*,,,,,,,1,2000,12345
LaMP-5,rouge_1,99,-0.03094284309013251,-0.07419909645146613,0.014275968229234354,0.022381014940122738,0.163,interaction_DiD,opus-haiku,32.0,,opus,haiku,,,,,,,,0,2000,12345
LaMP-5,rouge_1,99,-0.01753001818863703,-0.0660897983511966,0.03173654187960893,0.024095427622459958,0.446,interaction_DiD,sonnet-haiku,8.0,,sonnet,haiku,,,,,,,,0,2000,12345
LaMP-5,rouge_1,99,-0.00284853485906289,-0.050761104884430946,0.04542852621997512,0.02449331891417953,0.867,interaction_DiD,sonnet-haiku,16.0,,sonnet,haiku,,,,,,,,0,2000,12345
LaMP-5,rouge_1,98,0.021384943531386813,-0.024326978349292712,0.06726087372616567,0.023511607769658185,0.363,interaction_DiD,sonnet-haiku,32.0,,sonnet,haiku,,,,,,,,0,2000,12345
LaMP-5,rouge_1,99,-0.03736271782793671,-0.0848742714569267,0.012198119569103296,0.024288964742851197,0.138,interaction_DiD,opus-sonnet,4.0,,opus,sonnet,,,,,,,,0,2000,12345
LaMP-5,rouge_1,99,-0.014548033578396402,-0.06074706203060714,0.031294035069316016,0.02328799967626467,0.547,interaction_DiD,opus-sonnet,8.0,,opus,sonnet,,,,,,,,0,2000,12345
LaMP-5,rouge_1,99,-0.04066768382481034,-0.08568533339609831,0.009702006620389543,0.02455921026376572,0.115,interaction_DiD,opus-sonnet,16.0,,opus,sonnet,,,,,,,,0,2000,12345
LaMP-5,rouge_1,98,-0.049466434904527845,-0.09719693790623615,0.0001840036328505571,0.02477578319857437,0.053,interaction_DiD,opus-sonnet,32.0,,opus,sonnet,,,,,,,,0,2000,12345
LaMP-1,accuracy,99,-0.04040404040404039,-0.13131313131313133,0.0505050505050505,0.04635101202893224,0.453,cot_vs_direct,,0.0,,,,,0.40404040404040403,-0.04040404040404039,-0.13131313131313133,0.0505050505050505,,,0,2000,12345
LaMP-1,accuracy,99,0.06637806637806631,-0.046070820067310544,0.1842340935124439,0.05784384630202759,0.257,cot_vs_direct,,4.0,,,,,0.5714285714285714,0.06637806637806631,-0.046070820067310544,0.1842340935124439,,,0,2000,12345
LaMP-1,accuracy,99,-0.008330729980214446,-0.14078432178540692,0.1252733520774757,0.06801153296874414,0.927,cot_vs_direct,,32.0,,,,,0.5876288659793815,-0.008330729980214446,-0.14078432178540692,0.1252733520774757,,,0,2000,12345
LaMP-2,macro_f1,99,-0.08157100667936584,-0.15240170507034215,0.023809666151634625,0.046133394906393885,0.147,cot_vs_direct,,0.0,,,,,0.33843707977608906,-0.08157100667936584,-0.15240170507034215,0.023809666151634625,,,0,2000,12345
LaMP-2,macro_f1,99,0.05491285403050111,-0.03099124189286947,0.1312202609914508,0.04132398762710023,0.233,cot_vs_direct,,4.0,,,,,0.43414733414733414,0.05491285403050111,-0.03099124189286947,0.1312202609914508,,,0,2000,12345
LaMP-2,macro_f1,99,-0.08160152599711168,-0.15290889635638946,-0.0032978463983365895,0.038492468842807506,0.042,cot_vs_direct,,32.0,,,,*,0.32211299534898863,-0.08160152599711168,-0.15290889635638946,-0.0032978463983365895,,,1,2000,12345
LaMP-3,mae,99,-0.04040404040404039,-0.12121212121212122,0.04040404040404039,0.04085154693831733,0.41,cot_vs_direct,,0.0,,,,,-0.41414141414141414,0.04040404040404039,-0.04040404040404039,0.12121212121212122,,,0,2000,12345
LaMP-3,mae,99,0.12121212121212124,0.0,0.23232323232323235,0.060477844104969036,0.055,cot_vs_direct,,4.0,,,,,-0.32323232323232326,-0.12121212121212124,-0.23232323232323235,-0.0,,,0,2000,12345
LaMP-3,mae,39,0.4871794871794872,0.17948717948717952,0.8461538461538461,0.16771071312533026,0.0005,cot_vs_direct,,32.0,,,,*,-0.5897435897435898,-0.4871794871794872,-0.8461538461538461,-0.17948717948717952,,,1,2000,12345
LaMP-5,rouge_1,99,0.06492363156191427,0.03396392580469974,0.09665770480696032,0.016170838183293172,0.0005,cot_vs_direct,,0.0,,,,*,0.4568187607922816,0.06492363156191427,0.03396392580469974,0.09665770480696032,,,1,2000,12345
LaMP-5,rouge_1,99,-0.1646013753854365,-0.21576872517202156,-0.11224934143878745,0.026630340723676593,0.0005,cot_vs_direct,,32.0,,,,*,0.2528688575511562,-0.1646013753854365,-0.21576872517202156,-0.11224934143878745,,,1,2000,12345
LaMP-1,accuracy,99,0.07185254607935021,-0.030303030303030276,0.1805631977671451,0.054165125361363774,0.174,recency_vs_bm25,,1.0,,,,,,0.07185254607935021,-0.030303030303030276,0.1805631977671451,,,0,2000,12345
LaMP-1,accuracy,99,0.010101010101010166,-0.08106060606060612,0.101010101010101,0.0477469907833608,0.939,recency_vs_bm25,,2.0,,,,,,0.010101010101010166,-0.08106060606060612,0.101010101010101,,,0,2000,12345
LaMP-1,accuracy,99,0.04040404040404033,-0.06060606060606055,0.14141414141414138,0.0499999410479303,0.461,recency_vs_bm25,,4.0,,,,,,0.04040404040404033,-0.06060606060606055,0.14141414141414138,,,0,2000,12345
LaMP-1,accuracy,99,-0.02020202020202022,-0.12121212121212116,0.08080808080808077,0.05016992695507127,0.744,recency_vs_bm25,,8.0,,,,,,-0.02020202020202022,-0.12121212121212116,0.08080808080808077,,,0,2000,12345
LaMP-1,accuracy,99,-0.05102040816326536,-0.1565733869305298,0.04628169449598017,0.052142186640907105,0.332,recency_vs_bm25,,16.0,,,,,,-0.05102040816326536,-0.1565733869305298,0.04628169449598017,,,0,2000,12345
LaMP-1,accuracy,99,0.027696318018898713,-0.06060606060606055,0.11048185660957402,0.043070377278975336,0.546,recency_vs_bm25,,32.0,,,,,,0.027696318018898713,-0.06060606060606055,0.11048185660957402,,,0,2000,12345
LaMP-2,macro_f1,99,-0.020891437822384118,-0.09957781526746132,0.06846965016667914,0.04350645663030526,0.716,recency_vs_bm25,,1.0,,,,,,-0.020891437822384118,-0.09957781526746132,0.06846965016667914,,,0,2000,12345
LaMP-2,macro_f1,90,-0.04682187023743001,-0.12887724583741406,0.034998159438845364,0.04125460302031592,0.249,recency_vs_bm25,,2.0,,,,,,-0.04682187023743001,-0.12887724583741406,0.034998159438845364,,,0,2000,12345
LaMP-2,macro_f1,99,-0.045352283701429796,-0.12300733516364445,0.029337312098434327,0.03820060701908616,0.21,recency_vs_bm25,,4.0,,,,,,-0.045352283701429796,-0.12300733516364445,0.029337312098434327,,,0,2000,12345
LaMP-2,macro_f1,99,-0.0017187536537381365,-0.08305513820643522,0.07245088369860184,0.04007550881544672,0.848,recency_vs_bm25,,8.0,,,,,,-0.0017187536537381365,-0.08305513820643522,0.07245088369860184,,,0,2000,12345
LaMP-2,macro_f1,99,-0.06090063826905928,-0.12698247668882928,0.012742081790053619,0.03568825485078254,0.106,recency_vs_bm25,,16.0,,,,,,-0.06090063826905928,-0.12698247668882928,0.012742081790053619,,,0,2000,12345
LaMP-2,macro_f1,99,-0.012093941490226301,-0.06825220006786244,0.04564880644523006,0.030097525156624,0.681,recency_vs_bm25,,32.0,,,,,,-0.012093941490226301,-0.06825220006786244,0.04564880644523006,,,0,2000,12345
LaMP-1,accuracy,99,0.0012069343866578652,-0.09934816919191927,0.08740465883323023,,,retriever_ceiling,,,,,,,,,,,0.6224489795918368,0.6236559139784946,0,2000,12345
LaMP-2,macro_f1,90,-0.02154109438739421,-0.08029319348879486,0.04058468520689452,,,retriever_ceiling,,,,,,,,,,,0.40989046165516757,0.38834936726777336,0,2000,12345
